{"model": "all-MiniLM-L6-v2", "dim": 384, "count": 1113, "num_chunks": 1, "range": [-0.2509491443634033, 0.23738062381744385]}