{"model": "all-MiniLM-L6-v2", "dim": 384, "count": 1042, "num_chunks": 1, "range": [-0.24573849141597748, 0.23738059401512146]}